"Plot","Treatment","Bacterivore.nematodes","Fungivore.nematodes","Herbivore.nematodes","Omnivore.nematodes","Predator.nematodes","Protura","Pauropoda","Symphyla","Oribatida","Mesostigmata","Prostigmata","Edaphic.Entomobryomorpha","Edaphic.Neelipleona","Edaphic.Poduromorpha","Epigeic.Symphypleona","Epigeic.Entomobryomorpha","Epigeic.Poduromorpha","Thysanoptera","Chilopoda","Diplopoda","Isopoda","Araneae","Staphylinidae","Hemiptera","Gastropoda","Coleoptera","Diptera.larvae"
"B1A01","Treatment1",25557.529109927,38336.2936648905,281132.820209197,0,0,0,1018.59163578813,3055.77490736439,1109.35722709598,4992.10752193192,49921.0752193193,20308.1707385258,0,0,0,9230.98669932993,0,31.8309886183791,95.4929658551372,0,0,0,0,954.929658551372,0,95.4929658551372,63.6619772367581
"B1A01","Treatment2",41137.9986919555,82275.9973839111,174836.494440811,30853.4990189666,10284.4996729889,0,509.295817894065,0,0,1018.59163578813,2546.47908947033,15670.6405505866,0,0,0,0,626.825622023465,190.985931710274,31.8309886183791,31.8309886183791,0,0,0,1050.42262440651,0,350.14087480217,63.6619772367581
"B1A01","Treatment3",175803.286689245,78134.7940841088,175803.286689245,9766.8492605136,0,0,0,3565.07072525846,513.243847490143,15910.5592721944,49784.6532065439,48179.3843727786,0,0,560.225399683472,6722.70479620166,560.225399683472,63.6619772367581,63.6619772367581,0,31.8309886183791,0,31.8309886183791,1496.05646506382,0,1114.08460164327,63.6619772367581
"B1A02","Treatment1",29817.5553989507,59635.1107979015,238540.443191606,0,0,509.295817894065,1018.59163578813,2037.18327157626,509.295817894065,5602.25399683472,64171.2730546522,4074.36654315252,0,0,0,2037.18327157626,0,95.4929658551372,254.647908947033,0,0,0,31.8309886183791,636.619772367581,0,63.6619772367581,0
"B1A02","Treatment2",29876.5432098765,0,229053.497942387,9958.84773662551,0,0,509.295817894065,0,3565.07072525846,6620.84563262285,21899.7201694448,30048.4532557498,0,0,1527.8874536822,4583.66236104659,0,31.8309886183791,286.478897565412,0,0,0,0,572.957795130823,0,159.154943091895,0
"B1A02","Treatment3",0,107076.492246194,428305.968984776,0,0,2546.47908947033,0,0,2732.80682772425,10931.227310897,31153.9978360565,41205.4269730825,0,0,0,556.830094230845,0,31.8309886183791,159.154943091895,0,0,31.8309886183791,0,2228.16920328653,0,318.309886183791,159.154943091895
"B1A03","Treatment1",13883.9681133747,13883.9681133747,111071.744906997,0,27767.9362267493,1527.8874536822,509.295817894065,2037.18327157626,NA,NA,NA,19536.9215388871,0,0,1628.07679490726,11939.2298293199,0,31.8309886183791,541.126806512444,0,0,0,0,63.6619772367581,0,381.971863420549,0
"B1A03","Treatment2",62226.012793177,77782.5159914712,264460.554371002,31113.0063965885,31113.0063965885,1018.59163578813,1018.59163578813,1527.8874536822,20240.7268616513,7309.1513667074,86023.0891620179,1188.35690841949,0,1188.35690841949,0,1188.35690841949,0,63.6619772367581,31.8309886183791,0,0,0,31.8309886183791,63.6619772367581,31.8309886183791,31.8309886183791,0
"B1A03","Treatment3",112122.722236842,112122.722236842,448490.888947368,0,37374.240745614,509.295817894065,509.295817894065,1527.8874536822,2078.75844038394,9354.41298172773,14031.6194725916,5941.78454209743,0,0,848.826363156775,2546.47908947033,3395.3054526271,127.323954473516,63.6619772367581,0,31.8309886183791,318.309886183791,159.154943091895,254.647908947033,0,2992.11293012763,0
"B1A04","Treatment1",103388.018584762,41355.2074339049,82710.4148678097,0,0,14769.5787189279,3565.07072525846,1527.8874536822,7886.36857405658,4506.49632803233,24785.7298041778,2801.12699841736,0,10504.2262440651,0,3501.4087480217,0,31.8309886183791,795.774715459477,31.8309886183791,31.8309886183791,0,0,8148.73308630504,63.6619772367581,350.14087480217,127.323954473516
"B1A04","Treatment2",44097.2222222222,44097.2222222222,22048.6111111111,0,0,1527.8874536822,3055.77490736439,0,9676.62053998724,8658.02890419911,75375.7810483216,16251.1665528015,0,601.895057511168,0,3009.47528755584,0,95.4929658551372,222.816920328653,0,0,0,0,1623.38041953733,0,413.802852038928,95.4929658551372
"B1A04","Treatment3",183211.173518628,274816.760277943,137408.380138971,0,0,3565.07072525846,4074.36654315252,0,679.06109052542,8827.79417683046,21050.893806288,20324.4563606097,0,2463.57046795269,0,3695.35570192903,0,0,318.309886183791,0,0,0,0,0,0,477.464829275686,0
"B1A05","Treatment1",86620.449042814,51972.2694256884,86620.449042814,0,25986.1347128442,0,4583.66236104659,0,0,0,10695.2121757754,0,0,0,0,1527.8874536822,0,63.6619772367581,63.6619772367581,31.8309886183791,0,0,0,0,0,159.154943091895,63.6619772367581
"B1A05","Treatment2",142674.853256872,231846.636542417,624202.482998814,17834.356657109,17834.356657109,509.295817894065,509.295817894065,0,509.295817894065,1018.59163578813,5602.25399683472,0,0,509.295817894065,1018.59163578813,0,0,63.6619772367581,31.8309886183791,31.8309886183791,0,0,63.6619772367581,190.985931710274,0,445.633840657307,0
"B1A05","Treatment3",105782.741643751,39668.5281164067,26445.6854109378,0,13222.8427054689,10185.9163578813,1018.59163578813,2037.18327157626,8775.55870832851,19196.5346744686,14808.7553203044,49619.9639719646,0,4510.90581563315,1127.72645390829,7894.08517735801,0,0,95.4929658551372,0,0,0,0,63.6619772367581,0,254.647908947033,254.647908947033
"B1A06","Treatment1",58952.3588673314,44214.2691504986,103166.62801783,0,44214.2691504986,1018.59163578813,1018.59163578813,0,4074.36654315252,1527.8874536822,28011.2699841736,11140.8460164327,0,0,0,12201.8789703786,2122.06590789194,95.4929658551372,286.478897565412,0,31.8309886183791,31.8309886183791,0,381.971863420549,0,604.788783749202,190.985931710274
"B1A06","Treatment2",67838.0782918149,203514.234875445,596975.088967972,13567.615658363,40702.846975089,1527.8874536822,0,509.295817894065,7702.05560667664,12836.7593444611,42104.5706498323,140390.15804121,0,1220.78398296705,0,15259.7997870881,6103.91991483524,95.4929658551372,95.4929658551372,63.6619772367581,0,0,31.8309886183791,95.4929658551372,0,286.478897565412,63.6619772367581
"B1A06","Treatment3",115798.914722586,52635.8703284483,31581.522197069,0,31581.522197069,1527.8874536822,1018.59163578813,509.295817894065,7248.68444261294,26206.7822156006,95905.6710868789,21378.2982606485,0,0,0,521.421908796305,0,509.295817894065,318.309886183791,0,0,127.323954473516,0,1623.38041953733,0,827.605704077856,159.154943091895
"B1A07","Treatment1",177440.774536264,59146.9248454212,192227.505747619,0,29573.4624227106,2037.18327157626,2546.47908947033,0,2581.60293898026,2065.28235118421,70219.5999402631,7037.54221089981,0,2639.07832908743,0,0,0,0,127.323954473516,0,0,0,0,1114.08460164327,0,31.8309886183791,0
"B1A07","Treatment2",75330.5973552212,43046.0556315549,43046.0556315549,0,21523.0278157775,509.295817894065,1527.8874536822,509.295817894065,4074.36654315252,2546.47908947033,25464.7908947033,7037.54221089981,0,0,0,2639.07832908743,0,0,477.464829275686,0,0,0,0,1018.59163578813,0,63.6619772367581,159.154943091895
"B1A07","Treatment3",17118.4602670503,51355.380801151,205421.523204604,0,0,1018.59163578813,2037.18327157626,0,8512.51581337223,3274.0445436047,15715.4138093026,19862.5368978685,0,1527.8874536822,0,509.295817894065,0,190.985931710274,636.619772367581,0,0,0,0,3756.05665696873,0,859.436692696235,222.816920328653
"B1A08","Treatment1",45366.2014107759,136098.604232328,317563.409875431,0,45366.2014107759,0,0,509.295817894065,16297.4661726101,0,41252.9612494193,85800.15382961,0,591.725198824896,2366.90079529959,8875.87798237345,4733.80159059917,0,222.816920328653,0,0,0,0,1336.90152197192,0,286.478897565412,63.6619772367581
"B1A08","Treatment2",84980.323567993,189571.491036292,372606.034105815,0,6536.94796676869,509.295817894065,1527.8874536822,0,3115.69206241075,2077.12804160717,21290.5624264735,1527.8874536822,0,1018.59163578813,0,1527.8874536822,1018.59163578813,31.8309886183791,127.323954473516,63.6619772367581,31.8309886183791,0,0,1336.90152197192,0,891.267681314614,63.6619772367581
"B1A08","Treatment3",139102.33478301,46367.4449276701,123646.51980712,0,0,509.295817894065,1018.59163578813,1018.59163578813,6173.28264114018,4321.29784879813,9877.25222582429,9259.92396171027,0,0,1157.49049521378,2314.98099042757,0,0,190.985931710274,286.478897565412,31.8309886183791,0,0,3915.21160006063,31.8309886183791,254.647908947033,63.6619772367581
"B1A11","Treatment1",72388.4031293143,120647.338548857,168906.2739684,0,0,509.295817894065,509.295817894065,0,6822.19514202282,5116.64635651712,36953.5570192903,4668.54499736226,0,4668.54499736226,933.708999472453,6535.96299630717,0,0,381.971863420549,31.8309886183791,31.8309886183791,0,0,827.605704077856,0,190.985931710274,254.647908947033
"B1A11","Treatment2",816365.749901068,443677.037989711,709883.260783538,0,17747.0815195884,1527.8874536822,3055.77490736439,3055.77490736439,9096.4101145383,4815.74653122616,28359.3962394429,25095.1407042963,0,0,3203.63498352718,4805.45247529078,0,0,95.4929658551372,31.8309886183791,0,0,31.8309886183791,604.788783749202,31.8309886183791,1655.21140815571,0
"B1A11","Treatment3",163248.068840305,349817.290372081,722955.733435634,0,23321.1526914721,509.295817894065,509.295817894065,509.295817894065,21980.135298586,7505.4120531757,41815.8671534074,40585.8554597834,0,0,0,1176.40160752995,0,31.8309886183791,318.309886183791,31.8309886183791,0,0,0,572.957795130823,31.8309886183791,159.154943091895,31.8309886183791
"B1A12","Treatment1",120124.010246856,180186.015370284,260268.688868188,40041.336748952,40041.336748952,509.295817894065,1018.59163578813,0,1018.59163578813,1018.59163578813,71810.7103230632,23695.6580535976,0,0,696.931119223457,2090.79335767037,0,159.154943091895,413.802852038928,254.647908947033,95.4929658551372,63.6619772367581,0,381.971863420549,0,763.943726841098,0
"B1A12","Treatment2",8942.43081506258,80481.8773355633,44712.1540753129,0,17884.8616301252,1018.59163578813,2546.47908947033,1018.59163578813,10148.6508102305,4807.2556469513,28843.5338817078,14260.2829010338,0,679.06109052542,679.06109052542,3395.3054526271,1358.12218105084,0,413.802852038928,381.971863420549,127.323954473516,0,95.4929658551372,763.943726841098,0,190.985931710274,445.633840657307
"B1A12","Treatment3",118473.890185109,39491.2967283697,177710.835277664,0,0,0,0,509.295817894065,2419.15513499681,4838.31026999362,50802.257834933,42271.5528852074,0,1018.59163578813,1018.59163578813,2546.47908947033,0,31.8309886183791,127.323954473516,31.8309886183791,0,31.8309886183791,31.8309886183791,509.295817894065,0,286.478897565412,63.6619772367581
"B1A13","Treatment1",154425.339366516,514751.131221719,188742.081447964,0,0,0,1018.59163578813,0,4074.36654315252,2037.18327157626,10185.9163578813,3819.71863420549,0,1527.8874536822,0,0,2291.83118052329,0,63.6619772367581,0,63.6619772367581,0,31.8309886183791,254.647908947033,31.8309886183791,318.309886183791,31.8309886183791
"B1A13","Treatment2",400748.362956034,171749.298409729,248082.319925164,0,0,0,0,0,0,509.295817894065,3055.77490736439,4166.96578276962,0,0,2500.17946966177,1666.78631310785,833.393156553925,0,95.4929658551372,0,31.8309886183791,0,0,1591.54943091895,63.6619772367581,127.323954473516,95.4929658551372
"B1A13","Treatment3",257190.307065494,414362.161383297,400073.810990769,0,71441.7519626374,2037.18327157626,2546.47908947033,1018.59163578813,3055.77490736439,4074.36654315252,14769.5787189279,22172.1342115742,0,0,0,3695.35570192903,615.892616988172,63.6619772367581,127.323954473516,0,0,0,0,1909.85931710274,0,63.6619772367581,0
"B1A14","Treatment1",164380.407881358,213694.530245765,369855.917733054,0,24657.0611822036,4074.36654315252,1018.59163578813,509.295817894065,7251.40235953931,4462.40145202419,23427.607623127,26753.0097282,0,0,0,2276.8518917617,0,63.6619772367581,286.478897565412,31.8309886183791,31.8309886183791,0,31.8309886183791,190.985931710274,0,604.788783749202,31.8309886183791
"B1A14","Treatment2",217553.381418268,79110.3205157337,355996.442320801,9888.79006446671,0,6111.54981472878,509.295817894065,1527.8874536822,1018.59163578813,5092.95817894065,40234.3696136311,19697.3598758488,0,0,729.531847253661,5836.25477802929,729.531847253661,63.6619772367581,63.6619772367581,0,31.8309886183791,31.8309886183791,0,0,0,63.6619772367581,95.4929658551372
"B1A14","Treatment3",16094.0735587707,16094.0735587707,24141.1103381561,8047.03677938537,0,509.295817894065,2037.18327157626,1018.59163578813,509.295817894065,2546.47908947033,55003.948332559,7051.78824776398,0,1410.3576495528,0,0,705.178824776398,0,254.647908947033,0,0,381.971863420549,31.8309886183791,95.4929658551372,0,572.957795130823,0
"B1A15","Treatment1",161879.895561358,323759.791122715,259007.832898172,0,48563.9686684073,2546.47908947033,1018.59163578813,0,619.413832573863,2477.65533029545,19821.2426423636,21662.0487877609,0,0,746.967199577962,0,0,0,63.6619772367581,31.8309886183791,0,0,0,2196.33821466816,0,159.154943091895,31.8309886183791
"B1A15","Treatment2",75522.2565006611,151044.513001322,226566.769501983,37761.1282503305,12587.0427501102,1527.8874536822,1018.59163578813,0,1840.40988738992,4907.75969970645,20244.5087612891,1222.30996294576,1222.30996294576,3666.92988883727,0,0,0,0,95.4929658551372,0,0,0,63.6619772367581,222.816920328653,0,222.816920328653,63.6619772367581
"B1A15","Treatment3",43718.9191212654,21859.4595606327,65578.3786818981,0,65578.3786818981,509.295817894065,1527.8874536822,509.295817894065,9167.32472209317,8148.73308630504,12732.3954473516,8116.90209768666,0,0,0,541.126806512444,0,0,63.6619772367581,0,0,0,0,63.6619772367581,0,31.8309886183791,31.8309886183791
"B1A16","Treatment1",23486.0347920166,117430.173960083,939441.391680665,0,11743.0173960083,6111.54981472878,1018.59163578813,1018.59163578813,616.005417833774,27720.2438025198,36344.3196521927,0,0,3125.22433707722,0,10000.7178786471,625.044867415443,0,159.154943091895,0,0,0,0,1305.07053335354,0,95.4929658551372,0
"B1A16","Treatment2",130028.421512899,247054.000874508,780170.529077394,26005.6843025798,65014.2107564495,1018.59163578813,2037.18327157626,509.295817894065,6269.1889964579,17097.7881721579,48443.7331544474,76265.43703401,0,0,0,15839.7446147559,586.657207953923,127.323954473516,350.14087480217,0,0,31.8309886183791,0,286.478897565412,0,190.985931710274,95.4929658551372
"B1A16","Treatment3",47927.2435504389,95854.4871008777,175733.226351609,0,15975.7478501463,509.295817894065,0,0,3134.12811011732,6268.25622023465,15043.8149285632,7448.4513367007,0,1145.91559026165,572.957795130823,0,0,95.4929658551372,159.154943091895,0,31.8309886183791,0,31.8309886183791,1814.36635124761,31.8309886183791,254.647908947033,95.4929658551372
"B1A17","Treatment1",1107620.03901432,401034.841712081,324647.252814542,0,38193.7944487696,1018.59163578813,0,0,1297.26293237168,1297.26293237168,66160.4095509554,2801.12699841736,0,0,0,2801.12699841736,0,95.4929658551372,95.4929658551372,0,0,0,63.6619772367581,2960.28194150925,0,31.8309886183791,31.8309886183791
"B1A17","Treatment2",33202.3460410557,49803.5190615836,647445.747800587,0,0,1018.59163578813,2546.47908947033,0,1849.54797024687,3082.57995041145,41923.0873255957,1018.59163578813,0,509.295817894065,0,0,0,95.4929658551372,31.8309886183791,0,0,0,0,413.802852038928,0,31.8309886183791,0
"B1A17","Treatment3",61326.2933778371,30663.1466889186,81768.3911704495,0,10221.0488963062,2037.18327157626,2037.18327157626,0,620.704278058392,6207.04278058392,13034.7898392262,NA,NA,NA,NA,NA,NA,127.323954473516,63.6619772367581,0,0,0,0,2832.95798703574,0,95.4929658551372,31.8309886183791
"B1A18","Treatment1",91581.6993464052,137372.549019608,219796.078431373,9158.16993464052,0,509.295817894065,0,1527.8874536822,0,4583.66236104659,28011.2699841736,1426.02829010338,0,0,0,2139.04243515507,0,0,0,31.8309886183791,0,0,0,1145.91559026165,31.8309886183791,63.6619772367581,31.8309886183791
"B1A18","Treatment2",69135.8024691358,69135.8024691358,103703.703703704,0,69135.8024691358,1018.59163578813,3055.77490736439,0,509.295817894065,1527.8874536822,36669.2988883727,4387.77935416425,0,0,0,2507.30248809386,1253.65124404693,0,190.985931710274,127.323954473516,0,0,63.6619772367581,159.154943091895,31.8309886183791,0,0
"B1A18","Treatment3",235326.655602053,156884.437068035,141195.993361232,0,0,3565.07072525846,0,0,3628.16932216568,4146.47922533221,50794.3705103196,1018.59163578813,0,0,0,1018.59163578813,0,0,63.6619772367581,31.8309886183791,0,0,0,31.8309886183791,0,0,31.8309886183791
"B1A19","Treatment1",81575.4339118825,163150.867823765,473137.516688919,0,16315.0867823765,1018.59163578813,509.295817894065,509.295817894065,3637.82727067189,6236.27532115182,41055.4791975828,110249.596375305,0,3746.34550789872,535.192215414102,4816.72993872692,6957.49880038333,63.6619772367581,381.971863420549,63.6619772367581,31.8309886183791,31.8309886183791,31.8309886183791,127.323954473516,0,1305.07053335354,159.154943091895
"B1A19","Treatment2",17851.1526951031,26776.7290426547,71404.6107804124,0,0,0,509.295817894065,509.295817894065,10170.3256695784,6958.64387918524,35328.499694325,8987.57325695409,0,0,0,0,1198.34310092721,0,413.802852038928,0,0,31.8309886183791,31.8309886183791,445.633840657307,0,190.985931710274,63.6619772367581
"B1A19","Treatment3",214526.799104343,405217.287197091,357544.665173904,0,0,2546.47908947033,2037.18327157626,509.295817894065,6620.84563262285,4583.66236104659,35141.4114346905,20537.9074389889,0,2347.18942159873,586.797355399684,1760.39206619905,1760.39206619905,0,254.647908947033,0,0,0,0,190.985931710274,0,477.464829275686,0
"B1A20","Treatment1",8640.30335861322,8640.30335861322,95043.3369447454,0,0,1018.59163578813,0,0,6018.95057511168,2407.58023004467,11436.0060927122,26143.8519852287,0,594.178454209743,0,12477.7475384046,3565.07072525846,0,127.323954473516,381.971863420549,0,0,31.8309886183791,0,0,254.647908947033,222.816920328653
"B1A20","Treatment2",10968.9748201439,10968.9748201439,186472.571942446,0,10968.9748201439,509.295817894065,1527.8874536822,1018.59163578813,11384.2594588085,6590.88705509967,43140.3516333796,19329.552902398,0,1137.03252367047,0,3411.09757101141,568.516261835235,0,31.8309886183791,0,0,0,0,604.788783749202,63.6619772367581,254.647908947033,0
"B1A20","Treatment3",140200.993372937,171356.769678035,171356.769678035,0,15577.8881525486,509.295817894065,3565.07072525846,0,2383.9378709935,9535.75148397399,16091.5806292061,9506.85526735588,0,0,0,2037.18327157626,679.06109052542,0,190.985931710274,31.8309886183791,0,0,31.8309886183791,1273.23954473516,0,127.323954473516,31.8309886183791
"B1A21","Treatment1",0,59159.4335312928,118318.867062586,0,0,509.295817894065,509.295817894065,1018.59163578813,589.710947035233,10025.086099599,11794.2189407047,2037.18327157626,0,1018.59163578813,0,1018.59163578813,0,31.8309886183791,350.14087480217,0,31.8309886183791,254.647908947033,0,350.14087480217,0,445.633840657307,31.8309886183791
"B1A21","Treatment2",0,42999.0966576332,171996.386630533,0,42999.0966576332,0,1018.59163578813,1018.59163578813,14086.9056013252,2709.02030794715,34133.6558801341,15454.4937843716,0,0,702.47699019871,3512.38495099355,702.47699019871,0,0,0,0,0,0,127.323954473516,0,31.8309886183791,31.8309886183791
"B1A21","Treatment3",0,32235.6029483736,112824.610319308,0,0,1018.59163578813,509.295817894065,4583.66236104659,33957.0025558671,10576.771287893,51213.8399203241,53301.5799042279,0,0,0,11378.9889683183,0,63.6619772367581,127.323954473516,0,0,31.8309886183791,0,1814.36635124761,0,190.985931710274,0
"B1A22","Treatment1",181749.164895232,97864.9349435866,125826.344927469,69903.5249597047,41942.1149758228,509.295817894065,0,0,26197.5906326803,6811.37356449688,39820.3377616741,30223.2861484597,0,539.701538365352,539.701538365352,4317.61230692282,539.701538365352,0,636.619772367581,31.8309886183791,31.8309886183791,63.6619772367581,0,222.816920328653,0,127.323954473516,159.154943091895
"B1A22","Treatment2",423600.857346987,1035468.76240375,917801.857585139,0,23533.3809637215,509.295817894065,2546.47908947033,1018.59163578813,13750.9870831398,15278.874536822,26483.3825304914,17286.9551902328,0,0,0,1047.69425395351,0,31.8309886183791,381.971863420549,0,0,0,0,1177.74657888003,0,254.647908947033,0
"B1A22","Treatment3",20926.91816062,10463.45908031,83707.6726424799,0,31390.37724093,509.295817894065,1527.8874536822,0,17256.1406533519,9167.32472209317,37747.8076792072,80854.1522786416,0,0,0,9187.97184984563,612.531456656376,63.6619772367581,763.943726841098,63.6619772367581,63.6619772367581,0,0,286.478897565412,31.8309886183791,0,0
"B2A01","Treatment1",102529.960053262,123035.952063915,123035.952063915,0,0,2037.18327157626,2037.18327157626,509.295817894065,1281.45399341087,3844.36198023262,14736.720924225,5820.52363307503,0,0,0,2328.20945323001,0,127.323954473516,222.816920328653,445.633840657307,63.6619772367581,95.4929658551372,0,1432.39448782706,0,254.647908947033,413.802852038928
"B2A01","Treatment2",57290.6974846155,372389.533650001,315098.836165385,28645.3487423078,0,4583.66236104659,3055.77490736439,0,2291.83118052329,7448.4513367007,13178.0292880089,727.565454134379,0,0,1455.13090826876,2910.26181653751,0,0,0,31.8309886183791,0,95.4929658551372,0,413.802852038928,0,159.154943091895,0
"B2A01","Treatment3",82890.6887214902,82890.6887214902,0,0,41445.3443607451,13241.6912652457,1527.8874536822,0,3463.21156167964,3463.21156167964,10389.6346850389,10936.4575631989,0,0,643.321033129345,12223.0996294576,643.321033129345,0,63.6619772367581,63.6619772367581,63.6619772367581,31.8309886183791,0,572.957795130823,0,159.154943091895,127.323954473516
"B2A02","Treatment1",41666.6666666667,97222.2222222222,222222.222222222,0,13888.8888888889,0,1018.59163578813,2037.18327157626,11408.2263208271,11408.2263208271,19964.3960614474,5856.90190578175,0,0,0,5020.20163352721,836.700272254535,254.647908947033,127.323954473516,0,0,31.8309886183791,0,1623.38041953733,0,0,127.323954473516
"B2A02","Treatment2",52343.6959080524,52343.6959080524,183202.935678183,26171.8479540262,26171.8479540262,0,0,2546.47908947033,9545.35873125165,15908.9312187528,25984.5876572962,13125.9422157243,0,625.044867415443,0,0,0,190.985931710274,0,0,0,31.8309886183791,0,1464.22547644544,0,95.4929658551372,63.6619772367581
"B2A02","Treatment3",251921.714227751,223930.41264689,279913.015808612,27991.3015808612,13995.6507904306,2037.18327157626,0,1018.59163578813,3663.19193788025,14129.4546175381,39248.4850487169,4767.87574198699,0,22051.4253066898,595.984467748374,0,595.984467748374,222.816920328653,31.8309886183791,0,63.6619772367581,0,0,3819.71863420549,0,127.323954473516,31.8309886183791
"B2A03","Treatment1",9366.09203203475,140491.380480521,318447.129089181,0,28098.2760961043,2037.18327157626,2546.47908947033,0,8109.55648492857,10812.7419799048,16219.1129698571,18916.7018074938,0,630.556726916461,0,5675.01054224815,1261.11345383292,31.8309886183791,413.802852038928,0,159.154943091895,31.8309886183791,0,1241.40855611678,0,2164.50722604978,159.154943091895
"B2A03","Treatment2",60295.5058485532,221083.521444695,160788.015596142,0,0,1527.8874536822,1018.59163578813,1527.8874536822,13191.2659367413,8794.17729116089,33527.8009225509,3912.88250333245,0,0,0,19005.4293019005,0,31.8309886183791,63.6619772367581,63.6619772367581,31.8309886183791,31.8309886183791,63.6619772367581,381.971863420549,0,190.985931710274,95.4929658551372
"B2A03","Treatment3",65110.0962931818,65110.0962931818,97665.1444397727,32555.0481465909,0,14260.2829010338,6111.54981472878,509.295817894065,11559.471745535,4954.059319515,37981.121449615,71505.1328323267,0,2444.61992589151,0,2444.61992589151,0,63.6619772367581,95.4929658551372,127.323954473516,31.8309886183791,0,95.4929658551372,190.985931710274,31.8309886183791,318.309886183791,63.6619772367581
"B2A04","Treatment1",17143.2894537752,0,68573.1578151006,0,17143.2894537752,509.295817894065,509.295817894065,0,0,6875.49354156988,20626.4806247096,14769.5787189279,0,3055.77490736439,2546.47908947033,11204.5079936694,509.295817894065,222.816920328653,0,286.478897565412,0,63.6619772367581,31.8309886183791,25528.45287194,0,190.985931710274,0
"B2A04","Treatment2",21424.3573535609,10712.1786767804,160682.680151707,0,21424.3573535609,509.295817894065,2037.18327157626,509.295817894065,740.793916936822,740.793916936822,6667.1452524314,4413.89708841523,0,1471.29902947174,0,735.649514735872,0,0,0,0,0,0,31.8309886183791,254.647908947033,0,95.4929658551372,31.8309886183791
"B2A04","Treatment3",85272.7658356185,102327.319002742,306981.957008227,0,17054.5531671237,1018.59163578813,4583.66236104659,509.295817894065,2037.18327157626,2037.18327157626,12223.0996294576,873.078544961254,0,1746.15708992251,0,2619.23563488376,873.078544961254,0,0,0,0,95.4929658551372,0,1114.08460164327,0,63.6619772367581,95.4929658551372
"B2A05","Treatment1",62904.1095890411,94356.1643835616,157260.273972603,0,0,0,0,509.295817894065,9761.50317630291,9761.50317630291,39046.0127052117,34165.7724582428,0,1601.52058398013,0,1067.68038932009,7473.76272524062,0,31.8309886183791,0,0,31.8309886183791,0,1241.40855611678,0,222.816920328653,159.154943091895
"B2A05","Treatment2",384319.18149809,198358.28722482,409113.967401192,12397.3929515513,12397.3929515513,3055.77490736439,0,0,5602.25399683472,13241.6912652457,9676.62053998724,11459.1559026165,0,1273.23954473516,0,1273.23954473516,1273.23954473516,0,63.6619772367581,0,0,0,0,159.154943091895,0,31.8309886183791,0
"B2A05","Treatment3",0,107019.225355624,321057.676066872,21403.8450711248,0,0,509.295817894065,1527.8874536822,0,1061.03295394597,11671.3624934057,3395.3054526271,0,0,0,0,1697.65272631355,0,127.323954473516,0,0,31.8309886183791,0,923.098669932993,0,127.323954473516,31.8309886183791
"B2A06","Treatment1",120691.779199242,512940.061596778,346988.86519782,15086.4723999052,15086.4723999052,5602.25399683472,2546.47908947033,0,4303.90832023154,6993.85102037625,26899.4270014471,NA,NA,NA,NA,NA,NA,63.6619772367581,159.154943091895,0,859.436692696235,63.6619772367581,0,413.802852038928,0,636.619772367581,127.323954473516
"B2A06","Treatment2",0,55858.310626703,111716.621253406,0,0,2037.18327157626,509.295817894065,509.295817894065,7853.48913390268,2804.81754782239,28048.1754782239,9436.95191980179,0,0,0,1258.26025597357,0,63.6619772367581,0,0,0,0,0,6398.02871229419,31.8309886183791,159.154943091895,0
"B2A06","Treatment3",43399.8709216659,21699.935460833,65099.8063824989,0,0,4583.66236104659,1527.8874536822,0,0,6257.06290555566,15642.6572638891,23250.4612516856,0,553.582410754418,0,1660.74723226326,0,95.4929658551372,31.8309886183791,0,0,0,31.8309886183791,318.309886183791,0,445.633840657307,31.8309886183791
"B2A08","Treatment1",0,63776.9994162288,31888.4997081144,0,0,509.295817894065,0,0,9195.79467464626,14605.0856597323,63288.7045255066,12732.3954473516,0,2546.47908947033,0,5941.78454209743,1697.65272631355,0,63.6619772367581,0,0,0,0,1082.25361302489,0,190.985931710274,127.323954473516
"B2A08","Treatment2",82976.4399243625,276588.133081208,774446.772627383,0,41488.2199621812,509.295817894065,0,509.295817894065,0,4131.75198742227,69206.8457893231,1318.17741101993,0,7909.0644661196,659.088705509967,1318.17741101993,0,127.323954473516,31.8309886183791,0,0,0,0,859.436692696235,0,254.647908947033,63.6619772367581
"B2A08","Treatment3",159044.70868214,132537.257235116,132537.257235116,0,0,2037.18327157626,2546.47908947033,1018.59163578813,1527.8874536822,7130.14145051691,22918.3118052329,4396.92056115209,0,13190.7616834563,0,1256.26301747203,0,31.8309886183791,0,31.8309886183791,0,31.8309886183791,0,891.267681314614,0,0,0
"B2A09","Treatment1",106591.538175113,293126.729981562,2265070.18622116,0,26647.8845437783,7639.43726841098,2037.18327157626,509.295817894065,2037.18327157626,8148.73308630504,36669.2988883727,740.793916936822,0,0,0,6667.1452524314,740.793916936822,477.464829275686,413.802852038928,0,0,63.6619772367581,31.8309886183791,1273.23954473516,0,318.309886183791,0
"B2A09","Treatment2",61638.9598425527,246555.839370211,0,0,30819.4799212763,1527.8874536822,2546.47908947033,1527.8874536822,6111.54981472878,5092.95817894065,40234.3696136311,32817.3009417655,0,0,1075.97708005788,4303.90832023154,0,95.4929658551372,254.647908947033,0,31.8309886183791,0,31.8309886183791,1623.38041953733,0,381.971863420549,0
"B2A09","Treatment3",14711.3326803866,73556.6634019328,147113.326803866,0,29422.6653607731,2037.18327157626,509.295817894065,7130.14145051691,3666.92988883727,4278.08487031015,77616.6826470555,6620.84563262285,0,0,0,5885.19611788697,735.649514735872,95.4929658551372,381.971863420549,31.8309886183791,0,0,63.6619772367581,159.154943091895,0,318.309886183791,0
"B2A10","Treatment1",30781.0474773175,261638.903557198,815697.758148913,0,30781.0474773175,1018.59163578813,509.295817894065,0,6357.65249183195,19602.7618498152,52980.437431933,14209.3533192444,0,0,526.272345157201,1052.5446903144,0,190.985931710274,127.323954473516,0,0,31.8309886183791,31.8309886183791,318.309886183791,0,95.4929658551372,31.8309886183791
"B2A10","Treatment2",13452.5401069519,215240.64171123,336313.502673797,13452.5401069519,67262.7005347594,1527.8874536822,2037.18327157626,2546.47908947033,1527.8874536822,13241.6912652457,22409.0159873389,13889.8859425654,0,0,0,23149.8099042757,1157.49049521378,159.154943091895,95.4929658551372,0,63.6619772367581,0,0,954.929658551372,0,190.985931710274,31.8309886183791
"B2A10","Treatment3",25344.6712232155,118275.132375006,59137.5661875029,0,42241.1187053593,1018.59163578813,2546.47908947033,0,4304.99106446304,15605.5926086785,37130.5479309937,56172.3328559631,0,5055.50995703667,561.723328559631,14604.8065425504,0,31.8309886183791,0,0,31.8309886183791,0,63.6619772367581,350.14087480217,0,286.478897565412,0
"B2A12","Treatment1",0,82679.2963464141,82679.2963464141,0,82679.2963464141,4583.66236104659,6111.54981472878,1527.8874536822,3415.27783764255,3984.49081058298,40983.3340517106,3531.11767073218,0,5296.67650609828,0,3531.11767073218,882.779417683046,63.6619772367581,0,0,0,0,31.8309886183791,350.14087480217,0,318.309886183791,31.8309886183791
"B2A12","Treatment2",105447.97403198,164030.181827525,304627.480536832,0,46865.7662364357,4583.66236104659,1018.59163578813,0,2864.78897565412,8021.40913183152,25783.100780887,2910.26181653751,0,0,0,7275.65454134379,0,668.45076098596,127.323954473516,159.154943091895,0,0,0,859.436692696235,0,604.788783749202,63.6619772367581
"B2A12","Treatment3",107528.485986654,559148.127130601,301079.760762631,0,107528.485986654,6620.84563262285,3055.77490736439,0,594.178454209743,3565.07072525846,20796.245897341,15180.9330333808,0,0,0,14573.6957120456,1821.71196400569,63.6619772367581,31.8309886183791,0,31.8309886183791,0,0,2578.3100780887,31.8309886183791,286.478897565412,0
"B2A13","Treatment1",44142.6729694886,0,29428.4486463257,0,0,6620.84563262285,2037.18327157626,1527.8874536822,6111.54981472878,5602.25399683472,40743.6654315252,1049.45804899383,0,14167.6836614167,524.729024496915,1049.45804899383,524.729024496915,63.6619772367581,0,0,0,0,31.8309886183791,254.647908947033,0,63.6619772367581,0
"B2A13","Treatment2",242411.286874733,107738.349722103,471355.280034203,13467.2937152629,26934.5874305259,2037.18327157626,509.295817894065,509.295817894065,509.295817894065,2037.18327157626,22918.3118052329,4074.36654315252,0,0,0,0,0,95.4929658551372,0,0,0,0,0,5474.9300423612,0,254.647908947033,0
"B2A13","Treatment3",63324.1157392413,137202.250768356,126648.231478483,0,10554.0192898736,0,509.295817894065,509.295817894065,509.295817894065,4074.36654315252,19353.2410799745,8987.57325695409,0,0,599.171550463606,599.171550463606,0,127.323954473516,0,0,0,63.6619772367581,0,445.633840657307,0,159.154943091895,0
"B2A14","Treatment1",203919.585282589,611758.755847768,305879.377923884,0,0,5602.25399683472,2037.18327157626,0,4835.93038299411,13298.8085532338,46545.8299363183,12928.278454234,0,587.649020646998,0,1762.94706194099,0,0,31.8309886183791,0,95.4929658551372,95.4929658551372,63.6619772367581,477.464829275686,63.6619772367581,350.14087480217,63.6619772367581
"B2A14","Treatment2",119802.424786709,439275.557551265,139769.495584493,0,19967.0707977848,4583.66236104659,1018.59163578813,509.295817894065,8341.43961199469,9036.55957966091,34060.878415645,14260.2829010338,0,2037.18327157626,0,2037.18327157626,0,63.6619772367581,31.8309886183791,0,159.154943091895,0,63.6619772367581,63.6619772367581,63.6619772367581,1114.08460164327,31.8309886183791
"B2A14","Treatment3",175972.025504014,281555.240806422,246360.835705619,0,35194.4051008028,5092.95817894065,4074.36654315252,0,10695.2121757754,5092.95817894065,27501.9741662795,27338.9995045534,0,621.340897830759,0,1242.68179566152,1864.02269349228,31.8309886183791,95.4929658551372,0,0,0,31.8309886183791,0,127.323954473516,222.816920328653,31.8309886183791
"B2A15","Treatment1",14767.5612259862,59070.2449039449,103372.928581903,0,0,0,1527.8874536822,509.295817894065,1940.83000873144,8410.26337116956,13585.8100611201,12100.868633163,0,2689.08191848066,0,2016.8114388605,0,0,31.8309886183791,0,190.985931710274,0,95.4929658551372,95.4929658551372,63.6619772367581,159.154943091895,0
"B2A15","Treatment2",27402.1352313167,41103.2028469751,82206.4056939502,0,13701.0676156584,6620.84563262285,1018.59163578813,0,1527.8874536822,5602.25399683472,21899.7201694448,55082.7679234236,0,697.25022687878,697.25022687878,2091.75068063634,0,254.647908947033,63.6619772367581,0,63.6619772367581,95.4929658551372,159.154943091895,318.309886183791,0,127.323954473516,572.957795130823
"B2A15","Treatment3",75817.781953826,101090.375938435,151635.563907652,0,0,5602.25399683472,1527.8874536822,0,3370.33997135778,19660.3164995871,53363.7162131649,2003.23021704999,0,24706.5060102832,1335.48681136666,1335.48681136666,667.74340568333,159.154943091895,127.323954473516,63.6619772367581,31.8309886183791,0,0,413.802852038928,0,700.28174960434,31.8309886183791
"B2A16","Treatment1",58025.4497586661,29012.724879333,58025.4497586661,0,0,0,0,0,7196.57133980744,2767.91205377209,28232.7029484753,5092.95817894065,0,1018.59163578813,0,7130.14145051691,1018.59163578813,445.633840657307,95.4929658551372,0,63.6619772367581,31.8309886183791,0,159.154943091895,31.8309886183791,254.647908947033,0
"B2A16","Treatment2",26351.4366244584,39527.1549366876,65878.5915611459,0,13175.7183122292,1018.59163578813,0,2546.47908947033,NA,NA,NA,16320.6159825144,0,5984.22586025526,1088.04106550096,544.020532750479,0,95.4929658551372,63.6619772367581,95.4929658551372,159.154943091895,0,95.4929658551372,445.633840657307,0,159.154943091895,63.6619772367581
"B2A16","Treatment3",128269.897294173,272573.531750118,1202530.28713287,0,32067.4743235433,3565.07072525846,0,0,7130.14145051691,8148.73308630504,10185.9163578813,8867.73894686137,0,6650.80421014603,0,2771.16842089418,554.233684178835,31.8309886183791,95.4929658551372,0,0,0,0,31.8309886183791,63.6619772367581,190.985931710274,0
"B2A17","Treatment1",25617.5017642908,102470.007057163,179322.512350035,25617.5017642908,0,3055.77490736439,6111.54981472878,0,3180.50041378743,2120.33360919162,20673.2526896183,7170.88511594844,0,0,1955.69594071321,6518.98646904403,651.898646904403,445.633840657307,63.6619772367581,0,1496.05646506382,31.8309886183791,159.154943091895,0,31.8309886183791,541.126806512444,159.154943091895
"B2A17","Treatment2",60490.5684671345,48392.4547737076,266158.501255392,0,48392.4547737076,7130.14145051691,509.295817894065,0,1018.59163578813,3565.07072525846,22409.0159873389,23908.6092289158,0,0,2452.16504911957,39234.6407859132,613.041262279893,190.985931710274,0,0,63.6619772367581,63.6619772367581,0,286.478897565412,0,159.154943091895,0
"B2A17","Treatment3",26937.3113681592,67343.278420398,121217.901156716,0,0,8658.02890419911,2037.18327157626,0,1180.64030511806,10035.4425935035,14758.0038139758,8403.38099525207,0,7002.81749604339,1400.56349920868,0,0,381.971863420549,190.985931710274,0,0,31.8309886183791,31.8309886183791,95.4929658551372,0,509.295817894065,159.154943091895
"B2A18","Treatment1",48359.2400690846,580310.880829016,193436.960276339,0,24179.6200345423,11713.8038115635,5092.95817894065,0,10695.2121757754,14769.5787189279,30557.7490736439,9506.85526735588,0,1358.12218105084,0,0,1358.12218105084,413.802852038928,159.154943091895,0,0,31.8309886183791,0,3692.39467973197,0,604.788783749202,95.4929658551372
"B2A18","Treatment2",25139.9002322687,50279.8004645374,477658.104413105,0,37709.850348403,4583.66236104659,7639.43726841098,509.295817894065,4703.74023681023,17051.0583584371,50565.2075457099,37573.9690912108,0,0,1192.82441559399,6560.53428576697,0,0,0,31.8309886183791,0,63.6619772367581,31.8309886183791,95.4929658551372,0,31.8309886183791,0
"B2A18","Treatment3",26275.4748495012,78826.4245485037,183928.323946509,0,0,2037.18327157626,2037.18327157626,0,3183.09886183791,3713.61533881089,5835.68124670283,19068.9829490569,0,0,0,4358.62467407014,0,31.8309886183791,127.323954473516,0,0,0,0,1559.71844230057,0,477.464829275686,31.8309886183791
"B2A19","Treatment1",391043.643263757,122201.138519924,244402.277039848,0,73320.6831119545,9167.32472209317,3565.07072525846,1527.8874536822,525.211312203255,4201.69049762604,62500.1461521873,3238.20923019212,0,8635.22461384564,0,22667.4646113448,1619.10461509606,0,0,0,0,159.154943091895,0,254.647908947033,0,350.14087480217,31.8309886183791
"B2A19","Treatment2",26102.1157452653,95707.7577326395,156612.694471592,0,17401.4104968435,7130.14145051691,3055.77490736439,0,509.295817894065,2037.18327157626,29539.1574378558,28379.0947415415,0,0,0,556.452838069441,1112.90567613888,795.774715459477,63.6619772367581,0,0,31.8309886183791,0,604.788783749202,0,413.802852038928,95.4929658551372
"B2A19","Treatment3",144342.454478548,41240.7012795852,20620.3506397926,0,20620.3506397926,7130.14145051691,1018.59163578813,0,0,8618.85230282264,36199.1796718551,46661.8117711043,0,0,0,1211.99511093778,0,63.6619772367581,63.6619772367581,95.4929658551372,0,0,0,541.126806512444,0,127.323954473516,159.154943091895
"B2A20","Treatment1",0,72722.275663048,124666.758279511,0,0,3565.07072525846,2546.47908947033,0,11874.3427106823,12953.8284116534,74484.513367007,0,0,38237.6066450623,0,5561.83369382725,0,95.4929658551372,127.323954473516,0,0,31.8309886183791,0,254.647908947033,0,381.971863420549,0
"B2A20","Treatment2",5530.97345132743,11061.9469026549,16592.9203539823,5530.97345132743,5530.97345132743,3565.07072525846,0,2546.47908947033,11571.8689114947,8415.90466290521,44183.4994802523,3582.63265001342,0,12539.214275047,0,0,1194.21088333781,63.6619772367581,413.802852038928,63.6619772367581,0,0,0,286.478897565412,31.8309886183791,2069.01426019464,31.8309886183791
"B2A20","Treatment3",37415.8634977122,24943.9089984748,24943.9089984748,0,0,4583.66236104659,2037.18327157626,509.295817894065,9441.56093172844,8182.68614083131,105116.04503991,0,0,833.393156553925,0,6667.1452524314,1666.78631310785,159.154943091895,63.6619772367581,0,0,31.8309886183791,31.8309886183791,95.4929658551372,95.4929658551372,190.985931710274,0
"B2A21","Treatment1",58088.7466963416,67770.2044790652,242036.44456809,0,9681.45778272361,1018.59163578813,0,509.295817894065,6315.26814188641,7367.81283220081,17893.2597353448,1718.87338539247,0,14896.9026734014,0,1145.91559026165,572.957795130823,31.8309886183791,827.605704077856,445.633840657307,31.8309886183791,63.6619772367581,95.4929658551372,95.4929658551372,0,350.14087480217,159.154943091895
"B2A21","Treatment2",183270.079435128,152725.06619594,274905.119152692,0,0,6620.84563262285,8658.02890419911,1527.8874536822,10695.2121757754,15788.170354716,15278.874536822,5432.48872420336,0,7243.31829893781,905.414787367227,2716.24436210168,0,159.154943091895,254.647908947033,63.6619772367581,31.8309886183791,31.8309886183791,95.4929658551372,541.126806512444,31.8309886183791,254.647908947033,63.6619772367581
"B2A21","Treatment3",67687.8601534028,112813.100255671,439971.090997118,101531.790230104,11281.3100255671,6620.84563262285,0,1527.8874536822,3565.07072525846,4074.36654315252,24955.4950768092,7384.78935946394,0,0,0,7384.78935946394,0,254.647908947033,318.309886183791,254.647908947033,31.8309886183791,63.6619772367581,63.6619772367581,413.802852038928,63.6619772367581,1177.74657888003,0
"B2A22","Treatment1",83822.2222222222,59873.0158730159,335288.888888889,0,23949.2063492063,1527.8874536822,1018.59163578813,509.295817894065,9562.46802907995,26031.162968051,26031.162968051,17489.9636974352,0,3279.3681932691,0,1639.68409663455,0,127.323954473516,1114.08460164327,0,190.985931710274,63.6619772367581,0,668.45076098596,31.8309886183791,222.816920328653,0
"B2A22","Treatment2",13061.4657210402,26122.9314420804,26122.9314420804,13061.4657210402,0,3055.77490736439,509.295817894065,1018.59163578813,17511.1072705704,12038.8862485172,21888.884088213,23707.7203229687,0,0,0,1247.77475384046,0,477.464829275686,318.309886183791,0,381.971863420549,0,0,1050.42262440651,0,604.788783749202,700.28174960434
"B2A22","Treatment3",190762.664355435,152610.131484348,852073.234120945,12717.510957029,25435.0219140581,509.295817894065,509.295817894065,5092.95817894065,6111.54981472878,12732.3954473516,18843.9452620804,52749.1172755579,0,722.590647610383,0,31071.3978472465,0,95.4929658551372,127.323954473516,0,318.309886183791,95.4929658551372,0,2610.14106670708,63.6619772367581,509.295817894065,0
"B3A01","Treatment1",282673.170731707,1272029.26829268,3109404.87804878,0,47112.1951219512,3055.77490736439,509.295817894065,0,509.295817894065,7130.14145051691,10695.2121757754,5092.95817894065,0,4074.36654315252,2037.18327157626,2037.18327157626,0,0,413.802852038928,95.4929658551372,0,31.8309886183791,0,0,95.4929658551372,222.816920328653,0
"B3A01","Treatment2",40568.9895729276,229890.940913256,338074.91310773,121706.968718783,67614.982621546,1018.59163578813,8148.73308630504,1527.8874536822,2546.47908947033,4074.36654315252,15788.170354716,4774.64829275686,0,7427.23067762178,0,530.516476972984,0,31.8309886183791,254.647908947033,31.8309886183791,0,0,95.4929658551372,95.4929658551372,159.154943091895,222.816920328653,0
"B3A01","Treatment3",33079.9688701327,209506.46951084,396959.626441592,55133.2814502211,110266.562900442,5602.25399683472,509.295817894065,0,1138.42594588085,2276.8518917617,6261.34270234468,13255.0937867692,0,6915.70110614046,0,1152.61685102341,576.308425511705,0,0,63.6619772367581,0,0,0,95.4929658551372,31.8309886183791,0,0
"B3A02","Treatment1",0,124316.650625602,258993.02213667,0,31079.1626564004,3565.07072525846,2037.18327157626,0,6148.81536237957,3353.89928857067,13415.5971542827,41655.0368951251,0,562.905903988177,0,0,562.905903988177,0,0,0,0,31.8309886183791,95.4929658551372,95.4929658551372,63.6619772367581,190.985931710274,95.4929658551372
"B3A02","Treatment2",126199.669056812,91781.5774958632,344180.915609487,0,0,2546.47908947033,1527.8874536822,1018.59163578813,0,1103.47427210381,25379.9082583876,52315.7064896543,0,556.550069038875,556.550069038875,556.550069038875,0,159.154943091895,0,0,0,0,0,509.295817894065,31.8309886183791,63.6619772367581,95.4929658551372
"B3A02","Treatment3",99716.6964695334,137110.457645608,386402.198819442,12464.5870586917,12464.5870586917,1527.8874536822,0,0,0,574.312305284797,26418.3660431007,12605.0714928781,0,1400.56349920868,700.28174960434,2100.84524881302,0,0,0,0,0,0,0,95.4929658551372,0,0,63.6619772367581
"B3A03","Treatment1",34195.4022988506,102586.206896552,455938.697318008,11398.4674329502,79789.2720306514,5602.25399683472,4074.36654315252,1527.8874536822,12999.1694472009,0,21123.6503517015,19306.2291583227,0,16892.9505135324,1206.63932239517,1809.95898359275,0,63.6619772367581,63.6619772367581,31.8309886183791,0,0,0,0,31.8309886183791,63.6619772367581,95.4929658551372
"B3A03","Treatment2",143122.661879039,178903.327348798,626161.645720794,53670.9982046395,53670.9982046395,1018.59163578813,4583.66236104659,0,7448.4513367007,1145.91559026165,23491.2696003638,17743.2091395352,0,17743.2091395352,0,591.440304651172,591.440304651172,0,0,63.6619772367581,0,31.8309886183791,0,190.985931710274,0,1273.23954473516,31.8309886183791
"B3A03","Treatment3",38072.7630750721,199882.006144128,371209.439981953,38072.7630750721,104700.098456448,2037.18327157626,1018.59163578813,1018.59163578813,15824.5486274227,1091.34818120157,28920.7268018415,1309.61781744188,0,2619.23563488376,0,654.808908720941,0,0,0,0,0,0,0,381.971863420549,31.8309886183791,31.8309886183791,0
"B3A04","Treatment1",82372.5303632395,129442.547713662,553072.703867465,0,35302.5130128169,0,2037.18327157626,0,7841.80646757418,9410.16776108902,61688.8775449169,5092.95817894065,0,10695.2121757754,0,2037.18327157626,1018.59163578813,127.323954473516,63.6619772367581,95.4929658551372,0,0,31.8309886183791,127.323954473516,63.6619772367581,1273.23954473516,31.8309886183791
"B3A04","Treatment2",59450,0,178350,0,0,NA,NA,NA,NA,NA,NA,NA,NA,NA,NA,NA,NA,63.6619772367581,0,0,0,31.8309886183791,31.8309886183791,0,31.8309886183791,477.464829275686,127.323954473516
"B3A04","Treatment3",88989.5744646869,444947.872323435,800906.170182183,74157.9787205725,59326.382976458,5602.25399683472,0,509.295817894065,0,1018.59163578813,13750.9870831398,1527.8874536822,0,1527.8874536822,0,1527.8874536822,509.295817894065,63.6619772367581,63.6619772367581,0,0,31.8309886183791,0,350.14087480217,127.323954473516,477.464829275686,0
"B3A05","Treatment1",35064.4122383253,128569.511540526,140257.648953301,0,11688.1374127751,0,2037.18327157626,0,2970.89227104871,594.178454209743,17825.3536262923,10969.4483854106,0,1462.59311805475,15357.2277395749,731.296559027376,0,0,31.8309886183791,0,31.8309886183791,0,0,0,31.8309886183791,190.985931710274,63.6619772367581
"B3A05","Treatment2",131121.464496975,291381.032215499,276811.980604724,0,36422.6290269374,2037.18327157626,2546.47908947033,0,1679.41348214654,20712.7662798074,45344.1640179567,3827.20827858628,0,22416.5056317197,7654.41655717257,2733.7201989902,546.74403979804,0,0,0,254.647908947033,0,0,31.8309886183791,0,159.154943091895,0
"B3A05","Treatment3",48991.4022301729,156772.487136553,391931.217841383,19596.5608920692,19596.5608920692,9676.62053998724,4074.36654315252,1018.59163578813,14861.6201318003,9023.12650859304,64223.4298552799,43607.9757456963,0,11947.3906152593,8960.54296144445,14934.2382690741,0,0,63.6619772367581,0,31.8309886183791,0,0,63.6619772367581,63.6619772367581,63.6619772367581,31.8309886183791
"B3A06","Treatment1",12080.0777169598,350322.253791836,640244.118998872,24160.1554339197,72480.4663017591,509.295817894065,1527.8874536822,509.295817894065,21135.7764426037,6854.84641381742,56552.4829139937,64920.2374927317,0,6639.56974357483,19180.9792592162,6639.56974357483,2950.91988603326,63.6619772367581,190.985931710274,0,0,31.8309886183791,0,222.816920328653,0,63.6619772367581,95.4929658551372
"B3A06","Treatment2",41448.0258362258,276320.172241505,939488.585621117,96712.0602845268,41448.0258362258,NA,NA,NA,NA,NA,NA,NA,NA,NA,NA,NA,NA,0,31.8309886183791,0,0,95.4929658551372,31.8309886183791,63.6619772367581,31.8309886183791,190.985931710274,0
"B3A06","Treatment3",101771.882474813,79155.908591521,361855.582132667,0,11307.9869416459,2037.18327157626,0,0,22544.0100595518,14346.1882197147,48162.2033090424,31830.9886183791,0,636.619772367581,4456.33840657307,1273.23954473516,5092.95817894065,0,254.647908947033,0,0,63.6619772367581,95.4929658551372,413.802852038928,0,413.802852038928,63.6619772367581
"B3A07","Treatment1",20529.5553433089,184765.99808978,143706.887403162,0,20529.5553433089,3055.77490736439,2037.18327157626,0,2122.06590789194,9549.29658551372,26525.8238486492,35505.1941617577,0,2328.20945323001,1164.10472661501,9312.83781292005,582.052363307503,0,63.6619772367581,0,63.6619772367581,31.8309886183791,31.8309886183791,0,0,254.647908947033,0
"B3A07","Treatment2",68814.0357679446,214088.11127805,389946.202685019,15292.0079484321,30584.0158968642,3565.07072525846,9167.32472209317,0,548.472419270532,3290.83451562319,10420.9759661401,12805.1519927651,0,5762.31839674428,0,3841.54559782952,0,0,127.323954473516,0,127.323954473516,31.8309886183791,0,0,63.6619772367581,350.14087480217,0
"B3A07","Treatment3",142869.851749495,792278.268792656,324704.20852158,12988.1683408632,64940.8417043161,1018.59163578813,7639.43726841098,0,509.295817894065,10695.2121757754,20881.1285336567,24403.7579407573,0,23342.7249868113,0,2122.06590789194,1061.03295394597,0,95.4929658551372,0,31.8309886183791,0,0,63.6619772367581,31.8309886183791,127.323954473516,0
"B3A08","Treatment1",152005.406598257,283743.425650079,587754.238846592,0,50668.4688660855,0,0,2037.18327157626,509.295817894065,5092.95817894065,12732.3954473516,18759.0626257647,0,12689.9541291938,0,1103.47427210381,551.737136051904,0,31.8309886183791,0,0,0,63.6619772367581,572.957795130823,0,159.154943091895,31.8309886183791
"B3A08","Treatment2",130351.742798026,350946.99984084,481298.742638867,30081.1714149292,40108.2285532389,509.295817894065,0,509.295817894065,546.56136554485,7105.29775208305,14757.156869711,3565.07072525846,0,3055.77490736439,0,2037.18327157626,0,0,0,31.8309886183791,0,0,0,63.6619772367581,0,95.4929658551372,0
"B3A08","Treatment3",21284.0118230433,10642.0059115216,106420.059115216,0,0,3055.77490736439,0,509.295817894065,1086.49774484067,1629.74661726101,5432.48872420336,13241.6912652457,0,0,0,0,0,0,95.4929658551372,63.6619772367581,0,0,0,0,222.816920328653,190.985931710274,0
"B3A09","Treatment1",79139.7264003267,508755.3840021,486144.033602007,33917.02560014,0,0,5602.25399683472,509.295817894065,6260.61200533192,4173.74133688795,32346.4953608816,3208.56365273261,0,3208.56365273261,12299.4940021417,2139.04243515507,534.760608788768,95.4929658551372,95.4929658551372,0,31.8309886183791,31.8309886183791,0,63.6619772367581,0,190.985931710274,159.154943091895
"B3A09","Treatment2",9159.03149162051,109908.377899446,421315.448614543,0,18318.062983241,1018.59163578813,509.295817894065,0,4358.62467407014,3268.9685055526,15800.0144435043,654.808908720941,0,3274.0445436047,0,0,654.808908720941,0,31.8309886183791,31.8309886183791,0,0,0,63.6619772367581,0,190.985931710274,31.8309886183791
"B3A09","Treatment3",84144.8340851689,218776.568621439,1245343.5444605,67315.8672681351,67315.8672681351,5092.95817894065,3565.07072525846,2037.18327157626,1113.66018846169,8909.28150769351,31739.3153711581,4062.52245436429,0,11607.2070124694,1160.72070124694,8125.04490872857,0,0,63.6619772367581,0,0,0,63.6619772367581,0,31.8309886183791,477.464829275686,95.4929658551372
"B3A11","Treatment1",6999.80556095664,139996.111219133,69998.0556095664,13999.6111219133,27999.2222438266,0,1527.8874536822,1018.59163578813,42450.6459200712,3623.83562732316,48145.2447630076,4262.00184448191,0,0,14917.0064556867,4972.3354852289,2841.33456298794,0,159.154943091895,318.309886183791,286.478897565412,0,0,0,127.323954473516,350.14087480217,95.4929658551372
"B3A11","Treatment2",21080.118694362,252961.424332344,621863.50148368,73780.4154302671,84320.4747774481,1018.59163578813,509.295817894065,0,25430.837840177,4151.97352492685,24911.8411495611,3595.02930278164,0,0,1198.34310092721,1198.34310092721,4194.20085324524,0,63.6619772367581,159.154943091895,0,31.8309886183791,31.8309886183791,0,0,159.154943091895,0
"B3A11","Treatment3",80139.7982142292,389250.448469113,263316.479846753,0,34345.6278060982,2546.47908947033,0,0,65169.3285687511,18544.117885417,47684.8745625008,9579.09580890114,0,8452.14336079512,563.476224053008,4507.80979242407,3380.85734431805,0,63.6619772367581,0,0,0,63.6619772367581,0,63.6619772367581,127.323954473516,63.6619772367581
"B3A12","Treatment1",18956.7996646669,208524.796311336,426527.992455005,9478.39983233345,56870.3989940007,2546.47908947033,1018.59163578813,509.295817894065,2240.90159873389,4481.80319746777,4481.80319746777,8148.73308630504,0,3760.95373214079,0,4387.77935416425,0,0,0,0,0,0,31.8309886183791,222.816920328653,0,63.6619772367581,0
"B3A12","Treatment2",132593.615301724,500909.213362069,412513.469827586,117860.99137931,117860.99137931,2037.18327157626,509.295817894065,1527.8874536822,1222.30996294576,2444.61992589151,14667.7195553491,2037.18327157626,0,7130.14145051691,0,0,509.295817894065,0,31.8309886183791,0,0,0,63.6619772367581,0,0,190.985931710274,95.4929658551372
"B3A12","Treatment3",0,124665.806826326,124665.806826326,0,49866.3227305303,8148.73308630504,1018.59163578813,0,3055.77490736439,5092.95817894065,25974.0867125973,12902.160719983,0,3870.64821599489,1935.32410799745,645.108035999149,0,0,0,0,0,0,0,0,31.8309886183791,95.4929658551372,0
"B3A13","Treatment1",104350.476190476,495664.761904762,365226.666666667,0,13043.8095238095,15788.170354716,10695.2121757754,0,12417.9309154976,12417.9309154976,63272.3146646781,14946.7250903693,0,12555.2490759102,1195.73800722954,2391.47601445909,10163.7730614511,63.6619772367581,350.14087480217,31.8309886183791,0,0,0,190.985931710274,0,604.788783749202,95.4929658551372
"B3A13","Treatment2",32466.8004729042,422068.406147755,616869.20898518,81167.0011822606,48700.2007093564,1018.59163578813,0,0,15788.170354716,13241.6912652457,19353.2410799745,20168.114388605,0,4481.80319746777,3921.5777977843,4481.80319746777,560.225399683472,0,254.647908947033,222.816920328653,0,0,0,1209.5775674984,0,0,31.8309886183791
"B3A13","Treatment3",40331.5375527273,389871.529676364,846962.288607273,13443.8458509091,53775.3834036364,509.295817894065,1018.59163578813,5092.95817894065,28575.2552858684,3636.85067274688,45200.8583612827,19253.866286239,0,1242.18492169284,19253.866286239,10558.5718343892,621.092460846421,0,31.8309886183791,0,31.8309886183791,31.8309886183791,0,318.309886183791,190.985931710274,63.6619772367581,0
"B3A14","Treatment1",238719.381177482,167103.566824237,103445.065176909,0,7957.31270591606,1018.59163578813,2037.18327157626,0,25543.6496019901,3331.78038286827,57195.5632392387,656.425720841239,0,5251.40576672991,21005.6230669197,1969.27716252372,656.425720841239,63.6619772367581,445.633840657307,63.6619772367581,0,0,0,0,159.154943091895,254.647908947033,63.6619772367581
"B3A14","Treatment2",74492.6382809391,74492.6382809391,111738.957421409,0,0,2037.18327157626,3055.77490736439,1018.59163578813,40474.0382338166,11564.0109239476,46256.0436957904,53985.3566967709,0,2546.47908947033,2037.18327157626,6620.84563262285,1018.59163578813,0,541.126806512444,63.6619772367581,159.154943091895,0,31.8309886183791,1018.59163578813,0,381.971863420549,63.6619772367581
"B3A14","Treatment3",29334.6711094861,117338.684437944,337348.71775909,0,14667.335554743,2037.18327157626,5092.95817894065,0,25953.7148798816,9004.35006036707,44492.0826512255,22870.2650299599,0,3267.1807185657,1306.87228742628,7187.79758084454,0,0,254.647908947033,31.8309886183791,0,31.8309886183791,0,63.6619772367581,31.8309886183791,318.309886183791,63.6619772367581
"B3A16","Treatment1",255503.286290995,464551.429619991,1579474.86070797,46455.1429619991,46455.1429619991,14260.2829010338,0,509.295817894065,23278.5914393728,10827.2518322664,112062.056463957,15810.3136511462,0,58159.3680738592,3387.92435381704,564.654058969507,0,0,127.323954473516,31.8309886183791,159.154943091895,0,0,159.154943091895,31.8309886183791,159.154943091895,381.971863420549
"B3A16","Treatment2",84301.329394387,210753.323485968,337205.317577548,14050.2215657312,56200.8862629247,509.295817894065,0,0,509.295817894065,2546.47908947033,2546.47908947033,8924.80290404838,0,2231.20072601209,0,557.800181503024,0,0,31.8309886183791,159.154943091895,31.8309886183791,0,95.4929658551372,63.6619772367581,0,159.154943091895,413.802852038928
"B3A16","Treatment3",55267.7257969841,18422.5752656614,294761.204250582,9211.28763283068,0,9167.32472209317,509.295817894065,0,20779.2693700779,5194.81734251946,25974.0867125973,34814.00698033,0,7595.78334116291,1265.96389019382,632.981945096909,0,63.6619772367581,222.816920328653,222.816920328653,95.4929658551372,63.6619772367581,0,0,63.6619772367581,286.478897565412,732.112738222719
"B3A17","Treatment1",15402.795322114,107819.567254798,231041.92983171,0,0,1018.59163578813,3565.07072525846,509.295817894065,1041.74144569241,2604.35361423101,42190.5285505424,19539.3299365127,558.266569614648,6699.19883537578,0,2233.06627845859,0,0,0,0,0,0,0,127.323954473516,0,0,413.802852038928
"B3A17","Treatment2",32434.4758064516,410836.693548387,508140.120967742,10811.4919354839,43245.9677419355,509.295817894065,509.295817894065,509.295817894065,0,563.312041004042,36615.2826652627,13683.0809740872,0,0,526.272345157201,1052.5446903144,526.272345157201,63.6619772367581,0,0,413.802852038928,63.6619772367581,63.6619772367581,0,63.6619772367581,127.323954473516,190.985931710274
"B3A17","Treatment3",107451.138833654,286536.370223077,776036.0026875,11939.0154259615,11939.0154259615,0,0,509.295817894065,0,2037.18327157626,3055.77490736439,1227.53350979595,0,12275.3350979595,613.766754897976,9820.26807836761,0,0,0,0,0,0,0,127.323954473516,0,63.6619772367581,0
"B3A19","Treatment1",48514.8514851485,291089.108910891,1196699.669967,16171.6171617162,80858.0858085809,0,3055.77490736439,509.295817894065,18334.6494441863,4074.36654315252,16297.4661726101,3862.15995236333,0,2758.68568025952,1655.21140815571,4413.89708841523,551.737136051904,0,127.323954473516,0,636.619772367581,0,0,190.985931710274,0,700.28174960434,95.4929658551372
"B3A19","Treatment2",165694.849368319,613070.942662779,795335.27696793,16569.4849368319,66277.9397473275,509.295817894065,509.295817894065,0,5470.21434034366,2188.08573613746,21880.8573613746,1998.00667019979,0,666.002223399931,1332.00444679986,4662.01556379952,0,0,0,477.464829275686,0,0,0,95.4929658551372,31.8309886183791,222.816920328653,0
"B3A19","Treatment3",67005.9897034508,268023.958813803,660487.612791157,0,0,3565.07072525846,0,0,3792.62843112602,3792.62843112602,17879.5340324512,7376.00839708646,0,5795.43516913936,526.857742649033,526.857742649033,1053.71548529807,0,0,0,0,0,31.8309886183791,445.633840657307,31.8309886183791,127.323954473516,286.478897565412
"B3A20","Treatment1",175023.564173983,490065.979687152,326710.653124768,70009.4256695932,35004.7128347966,1018.59163578813,2546.47908947033,2037.18327157626,0,4074.36654315252,17825.3536262923,9822.13363081411,0,5893.28017848847,3274.0445436047,7857.70690465129,654.808908720941,0,31.8309886183791,0,31.8309886183791,31.8309886183791,63.6619772367581,0,0,159.154943091895,63.6619772367581
"B3A20","Treatment2",87283.4817182793,182501.825410948,277720.169103616,31739.4478975561,47609.1718463342,1018.59163578813,1527.8874536822,1527.8874536822,1018.59163578813,5092.95817894065,17825.3536262923,12580.5002034183,0,13724.1820400927,2859.20459168598,3431.04551002318,0,0,63.6619772367581,0,350.14087480217,0,95.4929658551372,0,0,190.985931710274,190.985931710274
"B3A20","Treatment3",131992.765198203,410644.158394408,557302.786392411,43997.5883994009,102661.039598602,2037.18327157626,509.295817894065,509.295817894065,586.461850908317,2345.84740363327,16420.9318254329,2182.69636240314,0,3274.0445436047,2182.69636240314,0,0,0,31.8309886183791,0,63.6619772367581,31.8309886183791,63.6619772367581,0,0,286.478897565412,63.6619772367581
"B3A21","Treatment1",21333.3333333333,78222.2222222222,128000,14222.2222222222,14222.2222222222,1527.8874536822,509.295817894065,0,1527.8874536822,2037.18327157626,1527.8874536822,8912.67681314614,0,3819.71863420549,0,2546.47908947033,0,0,95.4929658551372,31.8309886183791,0,31.8309886183791,95.4929658551372,0,0,350.14087480217,127.323954473516
"B3A21","Treatment2",186840.931394415,490457.44491034,1121045.58836649,23355.1164243019,233551.164243019,1018.59163578813,509.295817894065,0,21741.0870458384,517.64492966282,9317.60873393077,13241.6912652457,0,0,509.295817894065,2546.47908947033,0,63.6619772367581,254.647908947033,127.323954473516,0,31.8309886183791,0,350.14087480217,0,190.985931710274,413.802852038928
"B3A21","Treatment3",140969.807482012,310133.576460426,281939.614964024,0,84581.8844892072,4583.66236104659,2037.18327157626,0,8967.24422220621,11077.1840391959,9494.72917645364,22474.7315767446,0,25431.9331000004,0,2365.76121860469,4731.52243720938,0,95.4929658551372,0,0,0,0,541.126806512444,31.8309886183791,31.8309886183791,159.154943091895
"B3A22","Treatment1",48213.6824927087,542403.928042972,554457.34866615,36160.2618695315,36160.2618695315,0,7639.43726841098,3055.77490736439,2037.18327157626,3565.07072525846,20371.8327157626,11562.3915413788,1156.23915413788,14452.9894267235,1156.23915413788,14452.9894267235,0,0,350.14087480217,0,31.8309886183791,95.4929658551372,63.6619772367581,127.323954473516,381.971863420549,95.4929658551372,0
"B3A22","Treatment2",54785.15625,766992.1875,520458.984375,27392.578125,27392.578125,0,0,0,4858.68210270938,5398.53566967709,16735.460575999,3197.9039728232,0,15989.519864116,532.983995470533,1065.96799094107,2131.93598188213,0,668.45076098596,0,95.4929658551372,159.154943091895,0,63.6619772367581,127.323954473516,127.323954473516,31.8309886183791
"B3A22","Treatment3",178709.111776865,402095.501497946,729728.873088865,163816.68579546,119139.407851243,3055.77490736439,1527.8874536822,3565.07072525846,2340.0078119457,5850.01952986426,35100.1171791856,81431.3966402759,0,2343.34954360506,6444.21124491392,10545.0729462228,585.837385901266,0,572.957795130823,0,31.8309886183791,63.6619772367581,0,31.8309886183791,95.4929658551372,318.309886183791,31.8309886183791
"B3A23","Treatment1",56563.9312648507,466652.432935018,424229.48448638,28281.9656324254,28281.9656324254,2546.47908947033,3055.77490736439,0,26043.5361423101,5208.70722846203,32409.733865986,12315.6988690747,0,1172.92370181663,586.461850908317,2932.30925454159,2345.84740363327,0,63.6619772367581,0,159.154943091895,31.8309886183791,31.8309886183791,381.971863420549,31.8309886183791,0,95.4929658551372
"B3A23","Treatment2",64604.2363433668,801092.530657748,374704.570791527,25841.6945373467,77525.0836120401,1018.59163578813,509.295817894065,1527.8874536822,12024.7897534634,12024.7897534634,35028.7353687847,1159.62740074341,0,19133.8521122663,7537.57810483216,9856.83290631898,0,0,31.8309886183791,31.8309886183791,63.6619772367581,0,0,0,31.8309886183791,254.647908947033,541.126806512444
"B3A23","Treatment3",325666.657514423,434222.210019231,361851.841682692,0,36185.1841682692,1527.8874536822,509.295817894065,509.295817894065,509.295817894065,509.295817894065,18334.6494441863,0,0,6996.11623528163,2332.03874509388,5441.42373855238,0,0,63.6619772367581,0,31.8309886183791,0,0,0,0,222.816920328653,31.8309886183791
"B3A24","Treatment1",163852.188467185,573482.659635146,852031.38002936,32770.4376934369,49155.6565401554,1527.8874536822,4074.36654315252,0,10853.2694985701,14471.0259980934,27133.1737464252,30769.3027210768,0,1809.95898359275,603.319661197585,5429.87695077826,603.319661197585,0,827.605704077856,0,0,0,0,254.647908947033,0,350.14087480217,0
"B3A24","Treatment2",45254.2502096516,452542.502096516,663729.00307489,0,15084.7500698839,2546.47908947033,1527.8874536822,509.295817894065,8148.73308630504,21390.4243515507,18334.6494441863,22616.8918313773,1330.40540184572,3326.0135046143,3991.21620553716,665.20270092286,665.20270092286,0,763.943726841098,0,159.154943091895,31.8309886183791,0,127.323954473516,190.985931710274,477.464829275686,0
"B3A24","Treatment3",53809.7584699454,53809.7584699454,226000.98557377,21523.9033879781,32285.8550819672,4074.36654315252,1018.59163578813,1527.8874536822,24211.8606923994,24211.8606923994,47833.1881971794,31715.7269332767,0,6218.769986917,13681.2939712174,7462.52398430041,0,63.6619772367581,1909.85931710274,0,0,0,0,286.478897565412,0,445.633840657307,31.8309886183791
"B4A01","Treatment1",72391.3875598086,444689.95215311,455031.578947369,10341.6267942584,51708.1339712919,12223.0996294576,5092.95817894065,0,16101.2620460443,12769.966450311,38865.1152835553,15434.6591399425,0,29215.6048006054,0,2204.95130570607,0,0,827.605704077856,159.154943091895,0,95.4929658551372,159.154943091895,63.6619772367581,31.8309886183791,127.323954473516,63.6619772367581
"B4A01","Treatment2",32665.8668333925,538986.802750976,653317.33666785,32665.8668333925,97997.6005001774,1527.8874536822,509.295817894065,0,3946.07065009524,15784.2826003809,54117.5403441633,26402.4663725082,0,23946.4229890191,0,14736.2603009348,614.010845872284,31.8309886183791,254.647908947033,381.971863420549,63.6619772367581,0,31.8309886183791,636.619772367581,31.8309886183791,732.112738222719,63.6619772367581
"B4A01","Treatment3",87634.5667174633,394355.550228585,339583.94603017,10954.3208396829,43817.2833587317,1527.8874536822,1018.59163578813,0,11798.6864478792,16766.5544259336,42226.8778134623,81692.3720364883,0,1775.92113122801,0,4143.81597286535,3551.84226245601,95.4929658551372,732.112738222719,31.8309886183791,477.464829275686,95.4929658551372,31.8309886183791,795.774715459477,127.323954473516,668.45076098596,31.8309886183791
"B4A02","Treatment1",5866.22807017544,111458.333333333,58662.2807017544,0,11732.4561403509,0,1527.8874536822,0,14712.9902947174,6473.71572967567,31780.0590365897,18607.3432679406,0,43610.9607842359,1744.43843136944,9885.15111109347,0,0,127.323954473516,95.4929658551372,127.323954473516,190.985931710274,0,159.154943091895,477.464829275686,159.154943091895,0
"B4A02","Treatment2",169424.400067125,310611.400123063,2343704.20092857,0,28237.4000111876,2546.47908947033,0,0,6815.57638652352,15728.2531996697,13106.8776663914,52099.283173361,0,47907.3868260791,0,8982.63502988983,0,0,0,254.647908947033,0,0,31.8309886183791,63.6619772367581,0,63.6619772367581,95.4929658551372
"B4A02","Treatment3",49352.2379063063,253811.509232432,183308.312223423,7050.3197009009,35251.5985045045,7130.14145051691,4583.66236104659,1018.59163578813,9993.20983219165,9438.03150818101,42193.5526248092,43544.7924299426,0,19958.0298637237,0,4233.52148624442,0,31.8309886183791,572.957795130823,31.8309886183791,63.6619772367581,190.985931710274,31.8309886183791,127.323954473516,350.14087480217,254.647908947033,31.8309886183791
"B4A04","Treatment1",56491.6869045395,282458.434522698,353073.043153372,28245.8434522698,28245.8434522698,NA,NA,NA,NA,NA,NA,NA,NA,NA,NA,NA,NA,0,0,0,0,63.6619772367581,0,923.098669932993,0,95.4929658551372,31.8309886183791
"B4A04","Treatment2",50300.2321795522,653903.018334178,1886258.70673321,25150.1160897761,50300.2321795522,5092.95817894065,4583.66236104659,0,1074.40487610529,4834.8219424738,33306.5511592639,56653.6239166072,0,0,0,3952.57841278655,0,0,95.4929658551372,0,190.985931710274,0,0,222.816920328653,0,95.4929658551372,63.6619772367581
"B4A04","Treatment3",118129.024274197,551268.779946251,1181290.24274197,118129.024274197,0,4583.66236104659,1527.8874536822,1527.8874536822,1527.8874536822,4074.36654315252,34122.8197989024,8488.26363156775,0,606.304545111982,1212.60909022396,1212.60909022396,1212.60909022396,0,63.6619772367581,0,63.6619772367581,0,0,286.478897565412,31.8309886183791,127.323954473516,63.6619772367581
"B4A06","Treatment1",108093.113482056,499930.64985451,729628.51600388,0,13511.639185257,3565.07072525846,1527.8874536822,0,3809.25365164602,3265.07455855373,32650.7455855373,44687.0701929335,0,7537.57810483216,0,4307.18748847552,0,31.8309886183791,286.478897565412,954.929658551372,31.8309886183791,0,0,127.323954473516,159.154943091895,509.295817894065,31.8309886183791
"B4A06","Treatment2",184678.862233907,359637.784350239,388797.604702961,9719.94011757403,48599.7005878702,2546.47908947033,509.295817894065,509.295817894065,2135.90140367907,4805.77815827792,114270.725096831,10461.2113945808,0,2092.24227891616,0,6799.78740647752,0,0,190.985931710274,318.309886183791,31.8309886183791,0,0,413.802852038928,63.6619772367581,859.436692696235,0
"B4A06","Treatment3",361039.93069818,592105.486345015,447689.514065743,0,28883.1944558544,3565.07072525846,2037.18327157626,0,2061.43545338074,9276.45954021333,31952.2495274015,29461.9914048415,0,1280.95614803659,0,11528.6053323293,0,31.8309886183791,381.971863420549,31.8309886183791,0,31.8309886183791,0,31.8309886183791,31.8309886183791,31.8309886183791,0
"B4A07","Treatment1",161257.15648855,462270.515267176,440769.561068702,10750.4770992366,0,1527.8874536822,4074.36654315252,0,53757.3137932362,14473.1229443328,70298.0257296166,39487.0850957866,0,18001.4652642556,580.692427879214,2903.46213939607,1161.38485575843,95.4929658551372,350.14087480217,63.6619772367581,254.647908947033,31.8309886183791,63.6619772367581,891.267681314614,63.6619772367581,222.816920328653,0
"B4A07","Treatment2",108495.92760181,347186.968325792,216991.85520362,0,32548.778280543,0,1527.8874536822,0,24955.4950768092,509.295817894065,28520.5658020676,14192.3767919813,0,2580.4321439966,0,1935.32410799745,645.108035999149,0,127.323954473516,190.985931710274,0,0,0,0,31.8309886183791,159.154943091895,31.8309886183791
"B4A07","Treatment3",80861.3085228887,673844.237690739,525598.505398776,26953.7695076296,67384.4237690739,509.295817894065,1527.8874536822,509.295817894065,4752.17935961447,9504.35871922895,57554.1722442198,31080.9347774805,0,10148.8766620345,6977.35270514869,20932.0581154461,634.304791377154,31.8309886183791,381.971863420549,63.6619772367581,0,0,0,286.478897565412,0,95.4929658551372,0
"B4A08","Treatment1",39069.4706240361,322323.132648298,371159.970928343,29302.1029680271,48836.8382800452,509.295817894065,509.295817894065,0,4231.07294865839,9519.91413448137,41252.9612494193,9490.87735934352,0,17795.3950487691,12456.7765341384,10677.2370292615,0,95.4929658551372,95.4929658551372,31.8309886183791,63.6619772367581,0,0,31.8309886183791,0,509.295817894065,0
"B4A08","Treatment2",175946.569103832,879732.84551916,686191.619504945,0,52783.9707311496,1018.59163578813,0,509.295817894065,3967.57871036828,3967.57871036828,27206.2540139539,20380.9272839393,0,0,15096.9831732884,6038.79326931534,754.849158664418,31.8309886183791,95.4929658551372,159.154943091895,0,0,0,286.478897565412,0,190.985931710274,95.4929658551372
"B4A08","Treatment3",292389.869397117,950267.075540632,998998.720440151,194926.579598078,48731.6448995196,1018.59163578813,3055.77490736439,0,10796.1104038487,3598.70346794957,149089.143672197,77561.5089334503,0,1140.61042549192,2281.22085098383,26804.34499906,1710.91563823787,0,0,0,0,0,63.6619772367581,0,0,0,0
"B4A09","Treatment1",51694.7737518785,323092.33594924,284321.255635331,0,25847.3868759392,509.295817894065,0,0,12223.0996294576,6111.54981472878,13241.6912652457,19847.4092993172,0,1240.46308120733,6202.31540603663,10543.9361902623,24809.2616241465,31.8309886183791,381.971863420549,286.478897565412,159.154943091895,0,0,159.154943091895,0,95.4929658551372,63.6619772367581
"B4A09","Treatment2",80639.7164317664,391678.62266858,679677.609924888,0,23039.9189805047,1527.8874536822,1018.59163578813,1018.59163578813,12931.3391262165,6207.04278058392,13965.8462563138,12200.4642597734,0,1109.13311452485,554.566557262426,8318.4983589364,2772.83278631213,318.309886183791,159.154943091895,190.985931710274,0,31.8309886183791,0,923.098669932993,0,222.816920328653,0
"B4A09","Treatment3",91402.7925991189,239932.330572687,525566.057444934,11425.3490748899,91402.7925991189,0,0,509.295817894065,14504.4658274214,9669.64388494759,15041.668265474,37622.8740367701,0,0,4854.5643918413,10922.7698816429,32161.4890959486,31.8309886183791,31.8309886183791,0,31.8309886183791,0,190.985931710274,350.14087480217,0,31.8309886183791,0
"B4A10","Treatment1",86686.5144327778,238387.914690139,292566.986210625,21671.6286081944,21671.6286081944,6111.54981472878,16297.4661726101,0,16022.1711359106,37385.0659837914,45396.1515517467,5602.25399683472,0,2400.96599864345,0,8803.54199502598,0,0,127.323954473516,63.6619772367581,0,31.8309886183791,0,541.126806512444,0,222.816920328653,0
"B4A10","Treatment2",59909.5866819747,584118.470149254,778824.626865672,59909.5866819747,74886.9833524684,1527.8874536822,2546.47908947033,0,19987.7735743999,4207.9523314526,7889.91062147363,26869.7448751007,0,526.857742649033,526.857742649033,2634.28871324516,0,0,381.971863420549,190.985931710274,63.6619772367581,0,31.8309886183791,286.478897565412,0,127.323954473516,0
"B4A10","Treatment3",218531.525363933,397330.046116242,238398.027669745,79466.0092232484,19866.5023058121,5092.95817894065,1018.59163578813,0,15761.5653493036,21196.5878835463,35871.1487260014,27501.9741662795,0,3850.27638327913,5500.3948332559,4400.31586660472,0,0,604.788783749202,222.816920328653,31.8309886183791,0,95.4929658551372,222.816920328653,159.154943091895,445.633840657307,0
"B4A11","Treatment1",143796.441764681,201315.018470553,680636.49101949,19172.8589019575,9586.42945097873,509.295817894065,5602.25399683472,0,9716.23243693455,16003.2063667157,25719.4388036503,3710.58381608533,0,10513.3208122418,0,9276.45954021333,2473.72254405689,159.154943091895,286.478897565412,31.8309886183791,31.8309886183791,31.8309886183791,31.8309886183791,732.112738222719,31.8309886183791,31.8309886183791,0
"B4A11","Treatment2",115288.080041401,371483.813466736,717348.053590938,25619.5733425335,38429.3600138003,0,2546.47908947033,0,15628.7724269782,12503.0179415825,40113.849229244,16410.643021031,0,3961.18969473162,0,7922.37938946323,2263.53696841807,254.647908947033,318.309886183791,127.323954473516,63.6619772367581,0,95.4929658551372,572.957795130823,31.8309886183791,1018.59163578813,0
"B4A11","Treatment3",43800.4431681244,416104.210097182,558455.650393586,0,76650.7755442177,4583.66236104659,1018.59163578813,0,3184.89215697134,11677.9379088949,22825.0604582946,41240.3340803806,0,8965.29001747404,10160.6620198039,10758.3480209688,1195.37200232987,127.323954473516,127.323954473516,63.6619772367581,0,0,95.4929658551372,95.4929658551372,0,286.478897565412,0
"B4A12","Treatment1",171786.549707602,834391.812865497,1325210.52631579,49081.8713450292,73622.8070175439,0,6620.84563262285,1018.59163578813,30802.6775967533,2701.98926287309,37287.4518276487,11883.5690841949,0,7724.31990472665,0,6535.96299630717,2376.71381683897,159.154943091895,318.309886183791,190.985931710274,0,0,0,1177.74657888003,0,63.6619772367581,63.6619772367581
"B4A12","Treatment2",83669.0747429842,368143.92886913,485280.633509308,0,50201.4448457905,1018.59163578813,5602.25399683472,509.295817894065,1046.88584789336,7328.20093525349,10468.8584789336,34000.8757298291,0,2266.72504865528,566.681262163819,1700.04378649146,1700.04378649146,0,0,0,0,31.8309886183791,222.816920328653,254.647908947033,31.8309886183791,0,31.8309886183791
"B4A12","Treatment3",90406.8404934549,400373.150756729,335796.836118547,0,12915.2629276364,1018.59163578813,8148.73308630504,0,571.028644305467,11420.5728861093,82228.1247799872,50458.8041426137,0,1121.30675872475,0,12334.3743459722,2803.26689681187,63.6619772367581,63.6619772367581,0,0,31.8309886183791,31.8309886183791,1814.36635124761,0,31.8309886183791,0
"B4A13","Treatment1",445501.783354154,1081932.90243152,1559256.24173954,0,159107.779769341,0,1018.59163578813,0,43019.8259714979,4900.99283219597,22871.2998835812,24800.492001798,0,5668.68388612525,0,708.585485765656,1417.17097153131,0,95.4929658551372,413.802852038928,0,0,63.6619772367581,127.323954473516,31.8309886183791,254.647908947033,0
"B4A13","Treatment2",87622.7752750904,105147.330330109,192770.105605199,0,0,1527.8874536822,1018.59163578813,0,3055.77490736439,3565.07072525846,19862.5368978685,3600.19457476839,0,14400.7782990736,720.038914953678,0,2160.11674486103,1814.36635124761,63.6619772367581,0,0,63.6619772367581,63.6619772367581,19735.212943395,0,31.8309886183791,31.8309886183791
"B4A13","Treatment3",32129.2794851538,184743.357039634,144581.757683192,0,16064.6397425769,1527.8874536822,509.295817894065,0,11000.7896665118,2200.15793330236,14301.0265664653,4936.25177343478,0,548.472419270532,0,1645.41725781159,0,31.8309886183791,0,0,0,0,31.8309886183791,254.647908947033,0,31.8309886183791,63.6619772367581
"B4A14","Treatment1",32186.5889212828,472069.970845481,128746.355685131,21457.7259475219,42915.4518950437,6111.54981472878,0,509.295817894065,24955.4950768092,12223.0996294576,25974.0867125973,3317.69847085277,0,552.949745142128,0,14929.6431188375,552.949745142128,63.6619772367581,95.4929658551372,159.154943091895,0,0,95.4929658551372,31.8309886183791,95.4929658551372,0,31.8309886183791
"B4A14","Treatment2",104062.850729517,346876.169098391,294844.743733633,34687.6169098391,0,1527.8874536822,509.295817894065,0,7789.23015602688,6750.66613522329,11943.4862392412,3565.07072525846,0,509.295817894065,0,5092.95817894065,509.295817894065,63.6619772367581,63.6619772367581,350.14087480217,0,0,127.323954473516,413.802852038928,31.8309886183791,95.4929658551372,0
"B4A14","Treatment3",128090.788605276,547297.005858907,395916.982961763,0,34933.8514378026,1527.8874536822,509.295817894065,0,5700.53915467392,10882.8474771048,12955.7708060771,5347.60608788768,0,2291.83118052329,4583.66236104659,0,0,63.6619772367581,95.4929658551372,0,0,31.8309886183791,63.6619772367581,222.816920328653,0,63.6619772367581,0
"B4A15","Treatment1",34093.137254902,409117.647058824,215923.202614379,11364.3790849673,11364.3790849673,4074.36654315252,4074.36654315252,1527.8874536822,1018.59163578813,9676.62053998724,27501.9741662795,3699.09594049374,0,616.515990082289,1233.03198016458,6165.15990082289,0,63.6619772367581,95.4929658551372,159.154943091895,0,0,0,222.816920328653,0,668.45076098596,0
"B4A15","Treatment2",58885.4199955751,75709.8257085966,159831.854273704,0,25236.6085695322,0,1527.8874536822,0,528.884118582298,6346.60942298758,20626.4806247096,3928.85345232564,0,0,0,0,654.808908720941,0,0,159.154943091895,0,0,0,31.8309886183791,0,350.14087480217,31.8309886183791
"B4A15","Treatment3",28361.4024167807,85084.207250342,153151.573050616,5672.28048335613,17016.8414500684,1527.8874536822,5092.95817894065,0,2347.18942159873,8801.96033099526,15843.5285957915,77550.2213488339,0,0,0,17157.1286169986,2058.85543403984,0,0,0,0,0,31.8309886183791,1750.70437401085,0,31.8309886183791,0
"B4A16","Treatment1",213084.165477889,621495.482643842,710280.551592962,88785.0689491203,142056.110318592,31576.340709432,1018.59163578813,1018.59163578813,38867.3124182313,15546.9249672925,63742.3923658993,146342.658104482,0,16671.9483916498,1852.43871018332,16671.9483916498,7409.75484073326,127.323954473516,445.633840657307,63.6619772367581,159.154943091895,31.8309886183791,63.6619772367581,1527.8874536822,0,159.154943091895,63.6619772367581
"B4A16","Treatment2",108682.045779685,317685.979971388,342766.452074392,0,33440.6294706724,1018.59163578813,0,509.295817894065,8924.80290404838,3904.60127052117,10598.2034485575,29661.3884341504,0,1711.23394812406,2281.64526416541,7985.75842457894,1140.82263208271,31.8309886183791,732.112738222719,0,254.647908947033,0,31.8309886183791,159.154943091895,63.6619772367581,318.309886183791,0
"B4A16","Treatment3",136046.710354604,238081.743120557,102035.032765953,0,22674.4517257673,1018.59163578813,1018.59163578813,509.295817894065,8783.50758397011,7750.15375056186,19117.0459180526,21307.0850358953,0,3824.34859618634,2185.34205496362,2731.67756870453,0,31.8309886183791,986.760647169751,986.760647169751,1655.21140815571,0,95.4929658551372,31.8309886183791,445.633840657307,381.971863420549,31.8309886183791
"B4A17","Treatment1",112553.444180523,250118.764845606,587779.097387173,0,50023.7529691211,2037.18327157626,2037.18327157626,509.295817894065,26483.3825304914,4074.36654315252,56531.8357862412,15890.0295182948,0,1833.46494441863,1222.30996294576,7945.01475914741,611.154981472878,63.6619772367581,350.14087480217,732.112738222719,0,0,0,190.985931710274,0,254.647908947033,0
"B4A17","Treatment2",121464.937560038,441690.682036503,507944.284341979,22084.5341018252,11042.2670509126,1018.59163578813,1527.8874536822,0,8959.17773564951,21607.4286565665,30039.5959371778,13050.7053335354,0,652.535266676771,0,6525.35266676771,652.535266676771,0,63.6619772367581,63.6619772367581,0,0,222.816920328653,95.4929658551372,31.8309886183791,127.323954473516,95.4929658551372
"B4A17","Treatment3",164710.715081424,380101.650187903,316751.375156586,101360.440050107,12670.0550062634,509.295817894065,509.295817894065,509.295817894065,23477.2950199947,10620.6810804738,11738.6475099974,14908.4775783535,0,532.445627798341,0,3727.11939458839,4259.56502238673,63.6619772367581,0,0,0,0,381.971863420549,477.464829275686,0,0,31.8309886183791
"B4A18","Treatment1",218864.550737595,492445.239159589,656593.652212785,18238.7125614662,91193.5628073312,509.295817894065,1018.59163578813,0,23936.9034410211,7639.43726841098,44818.0319746777,12630.5362837728,0,3789.16088513184,4420.68769932049,10104.4290270183,631.526814188641,63.6619772367581,286.478897565412,254.647908947033,31.8309886183791,381.971863420549,31.8309886183791,63.6619772367581,413.802852038928,2673.80304394384,190.985931710274
"B4A18","Treatment2",119115.144639818,905275.09926262,809982.983550766,23823.0289279637,95292.1157118548,0,509.295817894065,0,18124.1025697497,17088.439565764,57479.2967212062,42497.3231962326,0,6584.09232617688,0,4788.4307826741,4189.87693483983,31.8309886183791,127.323954473516,222.816920328653,0,0,0,31.8309886183791,31.8309886183791,222.816920328653,0
"B4A18","Treatment3",125340.69282396,478573.554418758,512757.379734384,22789.2168770837,34183.8253156256,0,2037.18327157626,0,17316.0578083982,4583.66236104659,19353.2410799745,8827.79417683046,0,1358.12218105084,679.06109052542,5432.48872420336,2037.18327157626,63.6619772367581,95.4929658551372,159.154943091895,190.985931710274,0,0,1496.05646506382,0,127.323954473516,31.8309886183791
"B4A20","Treatment1",118503.47705146,414762.169680111,313187.760778859,0,0,1527.8874536822,2037.18327157626,1018.59163578813,9265.8981062017,8236.35387217929,30371.5549036611,19064.9604283363,0,2383.12005354204,1787.34004015653,7745.14017401163,595.78001338551,0,159.154943091895,732.112738222719,986.760647169751,31.8309886183791,0,286.478897565412,95.4929658551372,31.8309886183791,31.8309886183791
"B4A20","Treatment2",152739.904062005,475190.81263735,1018266.02708004,33942.2009026678,33942.2009026678,0,509.295817894065,0,8621.12341014881,8082.30319701451,20475.1680991034,38276.0913279258,0,0,0,7919.19130922603,659.932609102169,0,254.647908947033,95.4929658551372,1114.08460164327,0,63.6619772367581,413.802852038928,0,254.647908947033,0
"B4A20","Treatment3",133971.650564955,100478.737923716,50239.3689618581,0,0,1018.59163578813,509.295817894065,1018.59163578813,5945.24913949807,12971.4526679958,34050.0632534889,35393.2610149678,1141.71809725702,3425.15429177107,1712.57714588554,10275.4628753132,0,0,700.28174960434,159.154943091895,381.971863420549,127.323954473516,95.4929658551372,95.4929658551372,63.6619772367581,0,0
"B4A21","Treatment1",147382.367545192,736911.837725961,1052731.19675137,63163.8718050824,42109.2478700549,1018.59163578813,509.295817894065,1018.59163578813,25877.553518356,11813.6657366408,48379.7739691003,40960.0034780643,0,1730.70437231258,2884.50728718763,17883.9451805633,1730.70437231258,0,445.633840657307,95.4929658551372,63.6619772367581,0,63.6619772367581,445.633840657307,0,0,31.8309886183791
"B4A21","Treatment2",130843.788064781,1009366.36507116,691602.879770983,0,56075.9091706203,0,0,0,3666.92988883727,4278.08487031015,10389.6346850389,16182.8746135839,0,1566.08464002425,2088.11285336567,1044.05642668283,0,0,254.647908947033,190.985931710274,0,0,95.4929658551372,604.788783749202,63.6619772367581,318.309886183791,159.154943091895
"B4A21","Treatment3",673091.322450072,766576.228345915,373939.623583373,18696.9811791687,37393.9623583373,0,1527.8874536822,2546.47908947033,4861.46007989789,1620.4866932993,11343.4068530951,51318.7066839773,0,2025.73842173594,675.246140578648,4051.47684347189,2025.73842173594,0,190.985931710274,986.760647169751,31.8309886183791,0,63.6619772367581,477.464829275686,63.6619772367581,159.154943091895,190.985931710274
"B4A22","Treatment1",467277.871255517,2180630.06585908,436126.013171816,62303.7161674023,62303.7161674023,9167.32472209317,509.295817894065,0,14428.8773786815,17758.6183122234,48281.2435363574,13903.775828508,662.084563262285,1986.25368978685,0,14565.8603917703,1986.25368978685,0,190.985931710274,31.8309886183791,0,0,0,31.8309886183791,190.985931710274,95.4929658551372,0
"B4A22","Treatment2",355993.640699523,791096.979332273,474658.187599364,19777.4244833068,39554.8489666137,0,509.295817894065,0,8180.28238475866,7089.57806679083,46354.9335136324,48504.3636089586,0,0,606.304545111982,26677.3999849272,606.304545111982,0,95.4929658551372,63.6619772367581,0,127.323954473516,63.6619772367581,1241.40855611678,0,63.6619772367581,31.8309886183791
"B4A22","Treatment3",67269.0451966366,259466.317187027,278686.044386066,19219.727199039,38439.4543980781,1018.59163578813,0,0,11685.5095994583,2782.26419034721,15580.6794659444,28469.6362202782,0,1324.16912652457,0,2648.33825304914,662.084563262285,0,254.647908947033,0,0,0,31.8309886183791,636.619772367581,127.323954473516,0,0
